var,cohort,module,iscategorical,pvalue,std_error,N,coef,var_desc,percmissing,ratiocovdatapoints,unique_val_counts,h,adj_p
BMXCALF,0,7,0,1.19E-06,0.006870861,17964,-0.038057827,Maximal Calf Circumference (cm),0.279186961,0.000556669,332,1,1.06E-05
BMXHT,0,7,0,0.032152631,0.009425175,18196,-0.020785744,Standing Height (cm),0.144548392,0.000549571,598,0,0.058298727
BMXLEG,0,7,0,0.065472017,0.009811424,17797,-0.018487087,Upper Leg Length (cm),0.286203405,0.000561892,281,0,0.109673938
BMXSUB,0,7,0,0.009156935,0.009527239,14548,0.025854344,Subscapular Skinfold (mm),0.21208468,0.00068738,371,1,0.020984643
BMXTHICR,0,7,0,1.06E-05,0.005052622,17716,-0.024795012,Thigh Circumference (cm),0.288928003,0.000564462,500,1,7.79E-05
BMXTRI,0,7,0,0.502082387,0.006414635,16564,0.004337685,Triceps Skinfold (mm),0.144451946,0.000603719,403,0,0.587543219
BMXWAIST,0,7,0,0.004599026,0.004020909,17883,0.011942873,Waist Circumference (cm),0.170347688,0.00055919,887,1,0.011955634
BMXWT,0,7,0,0.084513909,0.004827172,18214,-0.008499635,Weight (kg),0.074166948,0.000549028,1283,0,0.135356228
BPXPLS,0,6,0,0.022209545,0.010806237,18030,0.025521222,60 sec. pulse (30 sec. pulse * 2):,0.277812605,0.000554631,54,1,0.043625892
CFDFINSH,0,8,0,0.007276217,0.015765963,2296,-0.047381065,Exercises Finished,0.858360312,0.004355401,96,1,0.017383938
CFDRIGHT,0,8,0,0.012473056,0.017894418,2296,-0.049381083,Exercises Correct,0.858360312,0.004355401,96,1,0.026902669
CVDESVO2,0,29,0,0.361654778,0.018716046,3969,-0.017306146,Estimated VO2max (ml/kg/min),0.732570841,0.002519526,1947,0,0.453787365
CVDR1DI,0,29,0,0.888933774,0.023409609,4176,-0.003293835,Recovery 1 diastolic BP (mm Hg),0.720876438,0.002394636,92,0,0.922478444
CVDR1HR,0,29,0,0.575147404,0.020903524,4190,0.011830255,Recovery 1 heart rate (per min),0.720137506,0.002386635,110,0,0.654270597
CVDR1SY,0,29,0,0.214653563,0.017557738,4176,-0.022201595,Recovery 1 systolic BP (mm Hg),0.720876438,0.002394636,158,0,0.29762889
CVDR2DI,0,29,0,0.209334717,0.017875265,4315,-0.022873929,Recovery 2 diastolic BP (mm Hg),0.713615627,0.002317497,81,0,0.2927138
CVDR2HR,0,29,0,0.01212195,0.023145759,4322,0.061340595,Recovery 2 heart rate (per min),0.713230097,0.002313744,105,1,0.026317392
CVDR2SY,0,29,0,0.97122263,0.018450239,4315,0.000670509,Recovery 2 systolic BP (mm Hg),0.713615627,0.002317497,151,0,0.974174674
CVDS1DI,0,29,0,0.309518234,0.021695117,3839,0.022381811,Stage 1 diastolic BP (mm Hg),0.742562488,0.002604845,80,0,0.400553008
CVDS1HR,0,29,0,0.004526761,0.019832187,4476,0.060295305,Stage 1 heart rate (per min),0.705519501,0.002234138,90,1,0.011950649
CVDS1SY,0,29,0,0.986713028,0.019984517,3839,0.000335269,Stage 1 systolic BP (mm Hg),0.742562488,0.002604845,159,0,0.986713028
CVDS2DI,0,29,0,0.932081777,0.021646051,3495,0.001858518,Stage 2 diastolic BP (mm Hg),0.760746643,0.00286123,82,0,0.949342551
CVDS2HR,0,29,0,0.431530814,0.020982277,4029,0.016702772,Stage 2 heart rate (per min),0.729293838,0.002482005,98,0,0.523548414
CVDS2SY,0,29,0,0.604196646,0.022022993,3495,-0.011523449,Stage 2 systolic BP (mm Hg),0.760746643,0.00286123,168,0,0.675880993
CVDVOMAX,0,29,0,5.90E-06,0.006286123,4861,-0.033676964,Predicted VO2max (ml/kg/min),0.682355587,0.00205719,2737,1,4.64E-05
DXDTOBMD,0,7,0,1.60E-10,0.007210046,16479,-0.058050073,Total BMD (g/cm^2),0.342744852,0.000606833,2309,1,3.76E-09
DXDTOFAT,0,7,0,0.001035798,0.004183271,16479,0.014594139,Total Fat (g),0.342744852,0.000606833,16203,1,0.00375619
DXDTOLE,0,7,0,9.62E-07,0.004686767,16479,-0.026245468,Total Lean excl BMC (g),0.342744852,0.000606833,16241,1,8.81E-06
DXDTRLE,0,7,0,4.95E-05,0.00540433,16479,-0.024049582,Trunk Lean excl BMC (g),0.342744852,0.000606833,15968,1,0.000255137
DXXHEBMD,0,7,0,9.43E-05,0.008723528,16479,-0.037106601,Head BMD (g/cm^2),0.342744852,0.000606833,2879,1,0.000464661
DXXLSBMD,0,7,0,0.00219356,0.00801477,16479,-0.025912305,Lumber Spine BMD (g/cm^2),0.342744852,0.000606833,2249,1,0.006829007
DXXPEBMD,0,7,0,0.001639421,0.007435357,16479,-0.024785241,Lumber Pelvis BMD (g/cm^2),0.342744852,0.000606833,2602,1,0.005464736
DXXTRFAT,0,7,0,1.09E-09,0.004448657,16479,0.033400873,Trunk Fat (g),0.342744852,0.000606833,15954,1,1.99E-08
LBD199,0,23,0,0.112131953,0.013338125,2814,0.022166357,PCB199 (ng/g),0.803742734,0.00355366,892,0,0.173725562
LBDEONO,0,5,0,0.507747376,0.010845491,17696,0.007236575,Eosinophils number,0.189757438,0.000565099,28,0,0.592072912
LBDHDD,0,4,0,2.45E-08,0.011117339,9071,-0.09819054,Direct HDL-Cholesterol (mg/dL),0.260723009,0.001102414,116,1,3.67E-07
LBDHDL,0,4,0,8.03E-14,0.009463399,12965,-0.114030542,Direct HDL-Cholesterol (mg/dL),0.245518216,0.000771307,114,1,3.31E-12
LBDLDL,0,4,0,0.042073471,0.013005631,8081,0.027148093,LDL-cholesterol (mg/dL),0.675507547,0.001237471,229,0,0.07385237
LBDLYMNO,0,5,0,0.070052952,0.012205786,17696,0.022605324,Lymphocyte number,0.189757438,0.000565099,85,0,0.115587371
LBDMONO,0,5,0,0.129212362,0.011893565,17696,0.018354355,Monocyte number,0.189757438,0.000565099,26,0,0.196498063
LBDNENO,0,5,0,0.002285874,0.010434826,17696,0.03358691,Segmented neutrophils num (1000 cell/uL),0.189757438,0.000565099,148,1,0.006920535
LBDPCT,0,4,0,0.000283328,0.011073906,11836,-0.043305283,Transferrin saturation (%),0.454983845,0.00084488,660,1,0.001246645
LBX028,0,23,0,0.011201123,0.029778046,2398,0.083647349,PCB28 (ng/g),0.815054513,0.004170142,598,1,0.024807856
LBX052,0,23,0,0.029965926,0.028006219,3650,0.063448438,PCB52 (ng/g),0.828246482,0.002739726,477,0,0.054937531
LBX066,0,23,0,0.018843648,0.025480274,3990,0.062846359,PCB66 (ng/g),0.804697038,0.002506266,374,1,0.037460263
LBX074,0,23,0,0.122420374,0.014823253,4012,0.023482113,PCB74 (ng/g),0.803090664,0.002492522,999,0,0.187901039
LBX087,0,23,0,0.002054801,0.031464311,2836,0.11138842,PCB87 (ng/g),0.801994235,0.003526093,220,1,0.006583344
LBX099,0,23,0,0.863214025,0.016317476,3966,-0.002832615,PCB99 (ng/g),0.805468097,0.002521432,858,0,0.904319455
LBX101,0,23,0,0.048106609,0.021133967,4015,0.043331407,PCB101 (ng/g),0.802962154,0.00249066,403,0,0.082683235
LBX105,0,23,0,0.01852376,0.014170942,3990,0.035055035,PCB105 (ng/g),0.803990233,0.002506266,471,1,0.037273419
LBX110,0,23,0,0.006238996,0.028295427,2827,0.086465193,PCB110 (ng/g),0.802466802,0.003537319,288,1,0.015480215
LBX118,0,23,0,0.292916265,0.014512713,4005,0.015503784,PCB118 (ng/g),0.803379811,0.002496879,1125,0,0.38664947
LBX128,0,23,0,2.91E-05,0.022858896,3997,0.110251859,PCB128 (ng/g),0.803958106,0.002501876,126,1,0.000165506
LBX138,0,23,0,0.917913514,0.016941155,4008,-0.001759017,PCB138 & 158 (ng/g),0.803411939,0.00249501,1605,0,0.943649407
LBX146,0,23,0,0.671638354,0.014546788,4004,0.006220211,PCB146 (ng/g),0.803508321,0.002497502,737,0,0.736347697
LBX149,0,23,0,0.000618867,0.033903891,2831,0.137474448,PCB149 (ng/g),0.802466802,0.003532321,173,1,0.002431264
LBX151,0,23,0,0.000741131,0.034975091,2830,0.139121331,PCB151 (ng/g),0.802608572,0.003533569,135,1,0.002811188
LBX153,0,23,0,0.940880067,0.016754862,4013,-0.001251824,PCB153 (ng/g),0.803122791,0.002491901,1828,0,0.955355144
LBX156,0,23,0,0.528210489,0.016120544,3985,0.010273307,PCB156 (ng/g),0.804568528,0.00250941,813,0,0.609473641
LBX157,0,23,0,0.00046565,0.015475219,3970,0.059931213,PCB157 (ng/g),0.805660862,0.002518892,338,1,0.001941934
LBX167,0,23,0,0.001621823,0.014505462,3972,0.049682337,PCB167 (ng/g),0.804986185,0.002517623,360,1,0.005461241
LBX170,0,23,0,0.420222741,0.016748566,3909,0.013665574,PCB170 (ng/g),0.807652766,0.002558199,1143,0,0.513605572
LBX172,0,23,0,0.002242364,0.014228118,3950,0.047031767,PCB172 (ng/g),0.807941914,0.002531646,400,1,0.006851666
LBX177,0,23,0,0.155749771,0.014836295,3955,0.021537901,PCB177 (ng/g),0.805885755,0.002528445,509,0,0.230481725
LBX178,0,23,0,0.01702585,0.01544607,4006,0.038758872,PCB178 (ng/g),0.803444066,0.002496256,480,1,0.035045863
LBX180,0,23,0,0.92398661,0.016127174,4009,-0.001550205,PCB180 (ng/g),0.803315556,0.002494388,1672,0,0.944011087
LBX183,0,23,0,0.462633973,0.015181309,4010,0.011278466,PCB183 (ng/g),0.803379811,0.002493766,563,0,0.55922788
LBX187,0,23,0,0.60944948,0.016086951,4013,0.00829492,PCB187 (ng/g),0.803187046,0.002491901,1038,0,0.679453813
LBX189,0,23,0,0.000199721,0.033104435,2791,0.150265043,PCB189 (ng/g),0.805538491,0.003582945,154,1,0.000902847
LBX194,0,23,0,0.159172423,0.016317331,2787,0.02386225,PCB194 (ng/g),0.805585747,0.003588088,892,0,0.234495088
LBX195,0,23,0,0.000280882,0.034430083,2756,0.1512453,PCB195 (ng/g),0.808610179,0.003628447,354,1,0.001246645
LBX196,0,23,0,0.466445585,0.015745062,2833,0.011689931,PCB196 & 203 (ng/g),0.802608572,0.003529827,796,0,0.561777529
LBX206,0,23,0,0.002114416,0.025457618,2760,0.089809718,PCB206 (ng/g),0.80742876,0.003623188,696,1,0.006709205
LBX2DF,0,40,0,0.045831491,0.029840988,3370,-0.063765931,"Blood 2,5-Dimethylfuran (ng/mL)",0.785832926,0.002967359,158,0,0.079185298
LBXACR_lab_detectable,0,-1,0,0.011646407,0.016405398,8660,-0.045549428,Acrylamide (pmoL/G Hb),0.272545188,0.001154734,1112,1,0.025591216
LBXALC,0,21,0,1.67E-15,0.016162273,13663,-0.219289414,Alpha-carotene (ug/dL),0.274080421,0.000731904,1326,1,1.38E-13
LBXALD,0,25,0,0.001312726,0.030133417,2868,0.112484327,Aldrin (ng/g),0.800529276,0.00348675,154,1,0.004559997
LBXB12,0,21,0,2.74E-14,0.009096749,17541,-0.096493723,Vitamin B12 ( pg/mL),0.222886628,0.000570093,1395,1,1.51E-12
LBXBAP,0,4,0,8.67E-08,0.010190116,10999,0.069028622,Bone alkaline phosphotase (ug/L),0.394911007,0.000909174,464,1,1.14E-06
LBXBAPCT,0,5,0,0.955088059,0.011344372,17696,-0.000642177,Basophils percent (%),0.189733327,0.000565099,67,0,0.960911766
LBXBEC,0,21,0,6.42E-14,0.015621339,13670,-0.186842817,trans-Beta carotene (ug/dL),0.273858263,0.000731529,3006,1,3.03E-12
LBXBHC,0,25,0,0.663070543,0.0173284,4038,-0.007616065,Beta-hexachlorocyclohexane (ng/g),0.802640879,0.002476474,1705,0,0.731816987
LBXCBC,0,21,0,1.61E-14,0.014966854,13271,-0.187890054,cis-Beta carotene (ug/dL),0.294074709,0.000753523,546,1,1.06E-12
LBXCPSI,0,4,0,2.25E-05,0.015273204,6392,0.074989584,C-peptide: SI(nmol/L),0.694756795,0.001564456,1614,1,0.000137331
LBXCRP,0,4,0,7.84E-07,0.008476896,17635,0.047961092,C-reactive protein(mg/dL),0.22049959,0.000567054,502,1,7.39E-06
LBXCRY,0,21,0,1.35E-17,0.012365991,13603,-0.196747235,b-Cryptoxanthin (ug/dL),0.277031959,0.000735132,2087,1,1.56E-15
LBXD01,0,12,0,0.213922759,0.020494376,3572,0.025957263,"1,2,3,7,8-pncdd (fg/g)",0.838430894,0.002799552,1189,0,0.29762889
LBXD02,0,12,0,0.000449494,0.020930232,2398,0.087730474,"1,2,3,4,7,8-hxcdd (fg/g)",0.853504088,0.004170142,894,1,0.001901704
LBXD03,0,12,0,0.082808564,0.021590418,3550,0.038588337,"1,2,3,6,7,8-hxcdd (fg/g)",0.839683866,0.002816901,2573,0,0.133955031
LBXD04,0,12,0,2.02E-05,0.020056103,3542,0.099206032,"1,2,3,7,8,9-hxcdd (fg/g)",0.840101523,0.002823264,1242,1,0.000125485
LBXD05,0,12,0,0.061957292,0.021790663,3537,0.042060479,"1,2,3,4,6,7,8-hpcdd (fg/g)",0.839748121,0.002827255,2709,0,0.104315849
LBXD07,0,12,0,0.00318502,0.021591796,3495,0.068535845,"1,2,3,4,6,7,8,9-ocdd (fg/g)",0.841193857,0.00286123,3277,1,0.009060833
LBXDIE,0,25,0,0.784990208,0.019797083,2809,-0.005474183,Dieldrin (ng/g),0.805727518,0.003559986,810,0,0.846558068
LBXEND,0,25,0,0.00141963,0.037342951,2736,0.138141663,Endrin (ng/g),0.810405935,0.003654971,149,1,0.004829668
LBXEOPCT,0,5,0,0.906636446,0.008376351,17696,-0.000987491,Eosinophils percent (%),0.189733327,0.000565099,189,0,0.937899772
LBXEPAH,0,31,0,0.001385727,0.035010872,3986,0.121927638,2-(N-ethyl-PFOSA) acetate,0.809265648,0.002508781,45,1,0.004763437
LBXEPP,0,4,0,0.303898306,0.010519601,11438,-0.010930011,Protoporphyrin (ug/dL RBC),0.459396248,0.000874279,264,0,0.394828508
LBXF01,0,15,0,0.008504279,0.023401599,3543,0.065370604,"2,3,7,8-tcdf (fg/g)",0.839362591,0.002822467,415,1,0.019763464
LBXF02,0,15,0,0.016761775,0.024183277,3566,0.060841996,"1,2,3,7,8-pncdf (fg/g)",0.838591531,0.002804262,443,1,0.03478859
LBXF03,0,15,0,0.764688083,0.022956201,3548,-0.006926809,"2,3,4,7,8-pncdf (fg/g)",0.839491101,0.002818489,1303,0,0.827367434
LBXF04,0,15,0,0.00441403,0.018346303,3539,0.055955518,"1,2,3,4,7,8-hcxdf (fg/g)",0.840037268,0.002825657,1141,1,0.011747015
LBXF05,0,15,0,0.013355539,0.020964577,3556,0.054725466,"1,2,3,6,7,8-hxcdf (fg/g)",0.839298336,0.002812148,1037,1,0.028267214
LBXF06,0,15,0,0.03306284,0.025114689,3527,0.055797802,"1,2,3,7,8,9-hxcdf (fg/g)",0.840583435,0.002835271,430,0,0.059297485
LBXF07,0,15,0,0.004601108,0.024480012,3535,0.074272628,"2,3,4,6,7,8-hxcdf (fg/g)",0.84000514,0.002828854,572,1,0.011955634
LBXF08,0,15,0,0.229082676,0.028441544,3421,0.034834146,"1,2,3,4,6,7,8-hpcdf (fg/g)",0.846237872,0.002923122,1393,0,0.31498868
LBXF09,0,15,0,0.032650118,0.02787768,2374,0.063993342,"1,2,3,4,7,8,9-hpcdf (fg/g)",0.85463825,0.0042123,398,0,0.058877262
LBXF10,0,15,0,0.00175218,0.029890001,3507,0.101527348,"1,2,3,4,6,7,8,9-ocdf (fg/g)",0.841450877,0.00285144,1306,1,0.005782195
LBXFB,0,4,0,0.1269367,0.018069065,4881,0.028842342,Fibrinogen (mg/dL),0.729099219,0.00204876,413,0,0.19393107
LBXFER,0,4,0,0.092108444,0.009551402,11347,0.016409421,Ferritin (ng/mL),0.45344071,0.00088129,658,0,0.145434385
LBXFOL,0,21,0,2.16E-18,0.010177134,17604,-0.139513385,"Folate, serum (ng/mL)",0.220644259,0.000568053,594,1,7.13E-16
LBXGH,0,4,0,0.113741303,0.007714083,17764,0.012422524,Glycohemoglobin (%),0.36258861,0.000562936,115,0,0.175395468
LBXGHC,0,25,0,0.08490527,0.014933292,3949,0.026501837,Gamma-hexachlorocyclohexane (ng/g),0.805982137,0.002532287,214,0,0.135356228
LBXGLU,0,4,0,0.004272883,0.010801934,8707,0.032371851,Fasting Glucose (mg/dL),0.692023919,0.001148501,1124,1,0.011557799
LBXGLUSI,0,4,0,0.172771481,0.01668801,4297,0.023641162,Plasma glucose: SI(mmol/L),0.691677776,0.002327205,1008,0,0.246816401
LBXGLY_lab_detectable,0,-1,0,0.045607606,0.017001761,8532,-0.036245283,Glycideamide (pmoL/G Hb),0.279872985,0.001172058,1097,0,0.079185298
LBXGTC,0,21,0,1.41E-17,0.011499194,16974,0.15016105,Gamma tocopherol (ug/dL),0.295389883,0.000589136,2383,1,1.56E-15
LBXHCB,0,25,0,0.069113881,0.026025551,3926,-0.048851272,Hexachlorobenzene (ng/g),0.809162758,0.002547122,1112,0,0.114610959
LBXHCT,0,5,0,0.704617607,0.008836163,17790,0.003369366,Hematocrit (%),0.187008728,0.000562114,303,0,0.767405315
LBXHCY,0,4,0,4.70E-07,0.006510456,17246,0.037781722,Homocysteine (umol/L),0.314052177,0.000579845,1825,1,4.70E-06
LBXHGB,0,5,0,0.594039429,0.008453184,17790,0.004535148,Hemoglobin (g/dL),0.187008728,0.000562114,123,0,0.67134593
LBXHPE,0,25,0,0.000534758,0.019105107,3790,0.073056424,Heptachlor Epoxide (ng/g),0.813307203,0.002638522,857,1,0.002152073
LBXHXC,0,23,0,0.38527888,0.018357242,3535,-0.016146067,"3,3',4,4',5,5'-hxcb (fg/g)",0.840101523,0.002828854,2261,0,0.47618738
LBXIN,0,17,0,4.27E-08,0.015465045,8581,0.100181691,Insulin (uU/mL ),0.696653325,0.001165365,2703,1,6.13E-07
LBXINSI,0,17,0,0.009312905,0.018673678,4220,0.054030263,Insulin: SI(pmol/L),0.696962483,0.002369668,1969,1,0.021194888
LBXIRN,0,21,0,0.000909961,0.011639429,11874,-0.04110903,Iron (ug/dL),0.452886146,0.000842176,254,1,0.003387117
LBXLUZ,0,21,0,1.88E-13,0.014843434,13663,-0.170896835,Combined Lutein/zeaxanthin (ug/dL),0.274016948,0.000731904,2393,1,6.19E-12
LBXLYC,0,21,0,0.05260946,0.013126669,13663,0.026334943,trans-Lycopene (ug/dL),0.274175632,0.000731904,2966,0,0.089954
LBXLYPCT,0,5,0,0.367131279,0.011502674,17696,-0.010470649,Lymphocyte percent (%),0.189733327,0.000565099,553,0,0.458914098
LBXMC,0,5,0,0.921586742,0.012939623,17790,0.001280293,MCHC (g/dL),0.187008728,0.000562114,90,0,0.944011087
LBXMCHSI,0,5,0,0.000446642,0.008703667,17790,-0.032768422,Mean cell hemoglobin (pg),0.187008728,0.000562114,221,1,0.001901704
LBXMCVSI,0,5,0,1.32E-05,0.008022449,17790,-0.038861376,Mean cell volume (fL),0.187008728,0.000562114,465,1,9.06E-05
LBXMIR,0,25,0,0.028832019,0.050145358,3979,0.114460183,Mirex (ng/g),0.805275333,0.002513194,691,0,0.053805084
LBXMMA,0,4,0,3.68E-05,0.009265006,12935,0.043950739,Methylmalonic acid (umol/L),0.242048448,0.000773096,521,1,0.000202538
LBXMOPCT,0,5,0,0.160195825,0.010314957,17696,-0.014709583,Monocyte percent (%),0.189733327,0.000565099,193,0,0.234953877
LBXMPAH,0,31,0,3.10E-05,0.028037997,3986,0.134635493,2-(N-methyl-PFOSA) acetate,0.809265648,0.002508781,65,1,0.00017331
LBXMPSI,0,5,0,0.291656069,0.011555451,17790,0.012317905,Mean platelet volume (fL),0.18703284,0.000562114,77,0,0.38653214
LBXNEPCT,0,5,0,0.171958379,0.01007815,17696,0.013970443,Segmented neutrophils percent (%),0.189733327,0.000565099,626,0,0.246722891
LBXODT,0,25,0,0.03818125,0.023527796,3824,0.050744618,"o,p'-DDT (ng/g)",0.810640622,0.002615063,272,0,0.067740927
LBXOXY,0,25,0,0.000544195,0.016112143,3823,0.061511949,Oxychlordane (ng/g),0.810833387,0.002615747,1333,1,0.002163668
LBXPCB,0,23,0,0.219749485,0.022421006,3536,-0.028031587,"3,3',4,4',5-pncb (fg/g)",0.839940885,0.002828054,2433,0,0.303419791
LBXPDE,0,25,0,0.298874298,0.017306798,4085,-0.018258308,"p,p'-DDE (ng/g)",0.800231318,0.00244798,3549,0,0.389836041
LBXPDT,0,25,0,0.811204074,0.01306687,3865,-0.00314569,"p,p'-DDT (ng/g)",0.80887361,0.002587322,972,0,0.863539821
LBXPFDE,0,31,0,0.164055848,0.030454508,3986,0.04331474,Perfluorodecanoic acid,0.809265648,0.002508781,49,0,0.239550575
LBXPFHP,0,31,0,0.000668873,0.028589602,3986,0.107056808,Perfluoroheptanoic acid,0.809265648,0.002508781,35,1,0.002596802
LBXPFHS,0,31,0,0.953981165,0.025920899,3986,-0.00150692,Perfluorohexane sulfonic acid,0.809265648,0.002508781,172,0,0.960911766
LBXPFNA,0,31,0,0.202398215,0.030186799,3986,0.039238137,Perfluorononanoic acid,0.809265648,0.002508781,88,0,0.28543338
LBXPFOA,0,31,0,2.90E-05,0.024583392,3986,0.118608843,Perfluorooctanoic acid,0.809265648,0.002508781,186,1,0.000165506
LBXPFOS,0,31,0,2.27E-06,0.022092992,3986,0.12539705,Perfluorooctane sulfonic acid,0.809265648,0.002508781,714,1,1.95E-05
LBXPFSA,0,31,0,0.000532471,0.032113333,3986,0.12284748,Perfluorooctane sulfonamide,0.809265648,0.002508781,35,1,0.002152073
LBXPFUA,0,31,0,0.576947708,0.022136695,3986,0.012468919,Perfluoroundecanoic acid,0.809265648,0.002508781,43,0,0.654270597
LBXPLTSI,0,5,0,0.000470772,0.010231846,17790,0.038347924,Platelet count (%) SI,0.18703284,0.000562114,504,1,0.001941934
LBXPT21,0,17,0,8.71E-05,0.013280577,9062,0.065038158,Parathyroid Hormone(Elecys method) pg/mL,0.282364436,0.001103509,195,1,0.000435388
LBXRBCSI,0,5,0,0.0064189,0.008363558,17790,0.023816404,Red blood cell count (million cells/uL),0.187008728,0.000562114,363,1,0.015610792
LBXRBF,0,21,0,1.07E-13,0.010660201,17710,-0.108639829,"Folate, RBC (ng/mL RBC)",0.209818199,0.000564653,818,1,3.92E-12
LBXRDW,0,5,0,0.108445266,0.009133642,17790,0.014934056,Red cell distribution width (%),0.187008728,0.000562114,128,0,0.16880631
LBXRPL,0,21,0,9.92E-08,0.010550327,16414,-0.06585138,Retinyl Palmitate (ug/dL),0.321647297,0.000609236,657,1,1.21E-06
LBXRST,0,21,0,2.66E-06,0.012526122,15595,-0.066503436,Retinyl Stearate (ug/dL),0.362685056,0.000641231,286,1,2.19E-05
LBXSAL,0,4,0,0.190306023,0.009992706,17521,-0.01327108,Albumin (g/dL),0.37196798,0.000570744,36,0,0.270693913
LBXSAPSI,0,4,0,1.74E-09,0.011502265,17521,0.084835105,Alkaline phosphatase (U/L),0.371992091,0.000570744,241,1,3.02E-08
LBXSASSI,0,4,0,1.11E-05,0.011628818,17450,-0.056920054,AST (U/L),0.374113903,0.000573066,149,1,7.79E-05
LBXSATSI,0,4,0,0.001029874,0.010176138,17451,-0.035520913,ALT (U/L),0.374089791,0.000573033,187,1,0.00375619
LBXSBU,0,4,0,0.005592709,0.009854179,17521,-0.028563644,Blood urea nitrogen (mg/dL),0.37196798,0.000570744,72,1,0.014196877
LBXSC3SI,0,4,0,1.56E-07,0.013526265,17452,-0.082714517,Bicarbonate (mmol/L),0.374017457,0.000573,27,1,1.83E-06
LBXSCA,0,4,0,0.005937125,0.010169171,17521,-0.029252401,"Calcium, total (mg/dL)",0.37196798,0.000570744,46,1,0.014956115
LBXSCH,0,4,0,0.356026921,0.007955646,17522,-0.007412784,Cholesterol (mg/dL),0.371943868,0.000570711,315,0,0.449981894
LBXSCLSI,0,4,0,0.018639512,0.01110674,17518,0.027030091,Chloride (mmol/L),0.37213676,0.000570841,216,1,0.037279024
LBXSCR,0,4,0,0.429411125,0.008561054,17521,-0.006821448,Creatinine (mg/dL),0.37196798,0.000570744,78,0,0.522899156
LBXSCRINV,0,4,0,0.487373013,0.008434764,17521,0.00590249,1/Creatinine (mg/dL),0.37196798,0.000570744,78,0,0.582728603
LBXSEL,0,21,0,0.030248622,0.019056955,2613,-0.057088785,Selenium (ng/mL),0.796435506,0.003827019,132,0,0.055149421
LBXSGB,0,4,0,7.44E-06,0.011497427,17505,0.057617833,Globulin (g/dL),0.372401987,0.000571265,51,1,5.71E-05
LBXSGL,0,4,0,0.294442904,0.008765779,17522,0.009289758,Glucose (mg/dL),0.37196798,0.000570711,332,0,0.387116169
LBXSGTSI,0,4,0,0.000148969,0.010050052,17519,0.041330896,GGT (U/L),0.372040314,0.000570809,299,1,0.000712458
LBXSIR,0,4,0,0.01170992,0.011377218,17515,-0.029794618,Iron (ug/dL),0.372184983,0.000570939,262,1,0.025591216
LBXSKSI,0,4,0,0.041836707,0.011898478,17520,-0.02486694,Potassium (mmol/L),0.372016203,0.000570776,236,0,0.073829484
LBXSLDSI,0,17,0,0.62102841,0.012744051,17447,0.006340773,LDH (U/L),0.374186237,0.000573164,272,0,0.690031567
LBXSNASI,0,4,0,0.02885909,0.013363751,17520,0.030090937,Sodium (mmol/L),0.371992091,0.000570776,180,0,0.053805084
LBXSOSSI,0,4,0,0.150969966,0.012068989,17520,0.017607609,Osmolality (mOsml/L),0.371992091,0.000570776,67,0,0.225430266
LBXSPH,0,4,0,2.30E-06,0.012819898,17519,-0.068592115,Phosphorus (mg/dL),0.372040314,0.000570809,55,1,1.95E-05
LBXSTB,0,4,0,0.002166071,0.009331691,17516,-0.03021087,"Bilirubin, total (mg/dL)",0.372160872,0.000570907,39,1,0.006807651
LBXSTP,0,4,0,0.003099946,0.011277696,17505,0.035093122,"Protein, total (g/dL)",0.372401987,0.000571265,53,1,0.008895497
LBXSTR,0,4,0,1.83E-05,0.010987329,17517,0.052161065,Triglycerides (mg/dL),0.372112649,0.000570874,653,1,0.00011835
LBXSUA,0,4,0,0.010684899,0.010439286,17519,0.027709883,Uric acid (mg/dL),0.372040314,0.000570809,112,1,0.023824438
LBXTC,0,4,0,0.917134078,0.008534443,17549,0.000892553,Total Cholesterol (mg/dL),0.256160486,0.000569833,312,0,0.943649407
LBXTC2,0,23,0,0.005118394,0.025458151,3519,0.076193791,"3,4,4',5-tcb (fg/g)",0.840711945,0.002841716,1710,1,0.013195859
LBXTCD,0,12,0,0.024791276,0.029373992,3550,0.068990778,"2,3,7,8-tcdd (fg/g)",0.839298336,0.002816901,760,1,0.048124243
LBXTFR,0,4,0,0.296664766,0.026038544,2772,0.027867129,Transferrin Receptor (mg/L),0.713922814,0.003246753,110,0,0.388489574
LBXTIB,0,4,0,0.318961427,0.01158328,11837,0.011662425,TIBC (ug/dL),0.454863288,0.000844809,453,0,0.409561365
LBXTNA,0,25,0,0.004364078,0.017144257,4065,0.052364194,Trans-nonachlor (ng/g),0.801644927,0.002460025,1619,1,0.011708503
LBXTR,0,4,0,0.003307295,0.015375729,8614,0.04749157,Triglyceride (mg/dL),0.656170131,0.001160901,534,1,0.009328268
LBXV3A,0,40,0,0.003407467,0.022059796,1452,-0.073774401,"Blood 1,1,1-Trichloroethane (ng/mL)",0.918454722,0.006887052,76,1,0.009529356
LBXV4C,0,40,0,0.478497839,0.028551428,4595,-0.020391161,Blood Tetrachloroethene (ng/mL),0.862540387,0.002176279,542,0,0.574197407
LBXVBF,0,40,0,0.869318751,0.018834143,4369,0.003117671,Blood Bromoform (pg/mL),0.868278922,0.002288853,692,0,0.907832872
LBXVBM,0,40,0,0.261549872,0.024983091,4491,0.028423001,Blood Bromodichloromethane (pg/mL),0.864324637,0.002226676,820,0,0.350142276
LBXVBZ,0,40,0,0.167277696,0.025453243,4559,0.035715462,Blood Benzene (ng/mL),0.863263731,0.002193463,473,0,0.242112454
LBXVCF,0,40,0,0.231651575,0.028113673,4274,0.034120967,Blood Chloroform (pg/mL),0.870593625,0.002339729,763,0,0.317199252
LBXVCM,0,40,0,0.092675415,0.023965209,4493,0.041213335,Blood Dibromochloromethane (pg/mL),0.864445195,0.002225684,807,0,0.145632794
LBXVCT,0,40,0,0.166272941,0.021599986,4472,0.030382052,Blood Carbon Tetrachloride (ng/mL),0.865626658,0.002236136,172,0,0.241718372
LBXVDB,0,40,0,0.027019166,0.019069234,4492,0.043590978,"Blood 1,4-Dichlorobenzene (ng/mL)",0.864589864,0.00222618,737,0,0.051539449
LBXVEB,0,40,0,0.807256078,0.022046867,4556,0.005407883,Blood Ethylbenzene (ng/mL),0.86307084,0.002194908,493,0,0.862118141
LBXVIA,0,21,0,4.12E-07,0.01201106,17510,-0.070149356,Retinol(ug/dL),0.268433235,0.000571102,3846,1,4.25E-06
LBXVIC,0,21,0,4.11E-10,0.015588981,9008,-0.17563957,Vitamin C (mg/dL),0.287787005,0.001110124,293,1,9.04E-09
LBXVID,0,21,0,4.60E-08,0.013543261,13709,-0.093952959,Vitamin D (ng/mL),0.225395919,0.000729448,73,1,6.33E-07
LBXVIE,0,21,0,6.45E-09,0.00937255,17480,-0.065683344,Vitamin E (ug/dL),0.269711144,0.000572082,7861,1,1.01E-07
LBXVME,0,40,0,0.496629175,0.03254954,4277,0.022336402,Blood MTBE (pg/mL),0.870545402,0.002338087,906,0,0.587543219
LBXVOX,0,40,0,0.501448517,0.022658451,4785,0.015344859,Blood o-Xylene (ng/mL),0.856657183,0.002089864,488,0,0.587543219
LBXVST,0,40,0,0.206702447,0.023042685,4462,0.029486027,Blood Styrene (ng/mL),0.866759898,0.002241147,527,0,0.29026301
LBXVTC,0,40,0,0.495685389,0.022160765,4622,-0.015211537,Blood Trichloroethene (ng/mL),0.860683802,0.002163566,148,0,0.587543219
LBXVTO,0,40,0,0.028299142,0.02226442,4660,0.050318134,Blood Toluene (ng/mL),0.860225684,0.002145923,632,0,0.053364096
LBXVXY,0,40,0,0.350048967,0.024113369,4701,0.022751214,Blood m-/p-Xylene (ng/mL),0.858754883,0.002127207,548,0,0.446008337
LBXWBCSI,0,5,0,0.002420364,0.011022212,17790,0.03525779,White blood cell count (1000 cells/uL),0.18703284,0.000562114,179,1,0.007194499
LBXWBF,0,40,0,0.007322326,0.018124234,5026,0.050719329,Water Bromoform (ng/mL),0.846940252,0.001989654,652,1,0.017383938
LBXWBM,0,40,0,0.055540161,0.021083862,5024,0.041351649,Water Bromodichloromethane (ng/mL),0.846940252,0.001990446,750,0,0.093991042
LBXWCF,0,40,0,0.872096111,0.021108302,5022,0.003416201,Water Chloroform (ng/mL),0.84691614,0.001991239,816,0,0.907860305
LBXWCM,0,40,0,0.008631947,0.021874646,5043,0.059854251,Water Dibromochloromethane (ng/mL),0.84643391,0.001982947,743,1,0.019919877
LBXWME,0,40,0,0.519286869,0.022732124,4945,0.014756056,Water MTBE (ng/mL),0.849303178,0.002022245,299,0,0.602951869
MDIS,0,6,0,9.63E-08,0.009409369,14741,0.058807728,mean diastolic,0.372233206,0.00067838,218,1,1.21E-06
MSYS,0,6,0,2.82E-05,0.009504242,14741,0.043899728,mean systolic,0.372233206,0.00067838,241,1,0.000165506
TELOMEAN,0,1,0,0.012672885,0.02355371,6848,-0.064825785,Mean Telomere Length,0.627356694,0.00146028,6848,1,0.027156182
URX14D,0,25,0,0.006427045,0.019010225,5413,0.05412531,"2,5-dichlorophenol (ug/L)",0.757558953,0.001847404,1923,1,0.015610792
URX1TB,0,25,0,1.78E-07,0.024530005,5415,0.149068482,"2,4,5-trichlorophenol (ug/L)",0.757583064,0.001846722,207,1,2.03E-06
URX24D,0,25,0,0.378103852,0.032241116,2354,-0.0290968,"2,4-D (ug/L)",0.843217889,0.004248088,178,0,0.469785087
URX3TB,0,25,0,1.10E-05,0.026954632,5414,0.131966709,"2,4,6-trichlorophenol (ug/L)",0.757534841,0.001847063,684,1,7.79E-05
URX4FP,0,25,0,0.084188363,0.051471923,2418,0.093797356,4-fluoro-3-phenoxybenzoic (ug/L) acid,0.762092935,0.004135649,25,0,0.135356228
URX4TO,0,27,0,0.248100674,0.028930968,3016,0.034418857,Urinary 4-tert-octyl phenol (ng/mL),0.752564729,0.00331565,48,0,0.335545994
URXATZ,0,25,0,0.560568187,0.043602833,2353,-0.025830273,Atrazine mercapturate (ug/L),0.769091602,0.004249894,31,0,0.640095161
URXBP3,0,27,0,0.262076188,0.027489451,3016,0.031724755,Urinary Benzophenone-3 (ng/mL),0.752564729,0.00331565,1002,0,0.350142276
URXBPH,0,27,0,0.000379617,0.022982207,3016,0.097992591,Urinary Bisphenol A (ng/mL),0.752564729,0.00331565,248,1,0.001648336
URXCBF,0,25,0,0.015315844,0.022738251,3858,-0.058064571,Carbofuranphenol (ug/L),0.76180685,0.002592017,59,1,0.031988788
URXCCC,0,25,0,0.534661104,0.028372928,2422,-0.017943105,cis dichlorovnl-dimeth carboacid (ug/L),0.761997715,0.004128819,181,0,0.614767124
URXCPM,0,25,0,0.828824384,0.026489795,2413,0.00580682,"3,5,6-trichloropyridinol (ug/L)",0.761712055,0.004144219,713,0,0.873840404
URXDAZ,0,30,0,0.003643469,0.018571183,6042,0.056719891,Daidzein (ng/mL),0.747576795,0.001655081,2455,1,0.009936734
URXDCB,0,25,0,0.021997594,0.028663318,3017,0.071183214,"2,4-dichlorophenol (ug/L) result",0.752173913,0.003314551,328,1,0.0434683
URXDEE,0,25,0,0.255753103,0.049289975,2429,-0.057759153,DEET (ug/L),0.760950295,0.004116921,84,0,0.344483772
URXDIZ,0,25,0,0.088166319,0.023857122,2367,-0.042883552,Oxypyrimidine (ug/L),0.767377642,0.004224757,206,0,0.139879256
URXDMA,0,30,0,0.498539024,0.02129445,5886,0.014519798,O-Desmethylangolensin (O-DMA) (ng/mL),0.754689685,0.001698947,1506,0,0.587543219
URXDPY,0,25,0,0.05329134,0.031688763,3042,0.065085634,Diethamino-methpyrimidin-ol/one (ug/L),0.7432541,0.003287311,97,0,0.090650218
URXECP,0,28,0,0.005999703,0.032368398,3048,0.09947104,Mono-2-ethyl-5-carboxypentyl phthalate,0.748265755,0.00328084,1272,1,0.014999257
URXEQU,0,30,0,0.140792499,0.018828105,5838,-0.028186762,Equol (ng/mL),0.756642716,0.001712915,1587,0,0.211188748
URXETD,0,30,0,0.002441769,0.017866847,6026,-0.057097403,Enterodiol (ng/mL),0.748203694,0.001659476,2233,1,0.007194499
URXETL,0,30,0,1.01E-09,0.016605022,6041,-0.125004965,Enterolactone (ng/mL),0.747697353,0.001655355,2622,1,1.97E-08
URXGNS,0,30,0,0.001925468,0.018442873,6044,0.060459285,Genistein (ng/mL),0.747480349,0.001654533,2173,1,0.006229454
URXMBP,0,28,0,0.003558301,0.022623749,6042,0.069288596,Mono-n-butyl phthalate,0.747408015,0.001655081,1199,1,0.009867559
URXMC1,0,28,0,0.006568205,0.024489679,4676,0.070783064,Mono-(3-carboxypropyl) phthalate,0.74816719,0.00213858,279,1,0.015821223
URXMCP,0,28,0,0.001135467,0.02381703,6042,0.082356943,Mono-cyclohexyl phthalate,0.747408015,0.001655081,57,1,0.004072869
URXMEP,0,28,0,0.002219178,0.018489378,6038,0.059702834,Mono-ethyl phthalate,0.747528572,0.001656178,4211,1,0.006844194
URXMET,0,25,0,4.95E-05,0.028037567,3087,0.144211146,Metolachlor mercapturate (ug/L),0.740135154,0.003239391,35,1,0.000255137
URXMHH,0,28,0,1.74E-05,0.022251843,4676,0.110653865,Mono-(2-ethyl-5-hydroxyhexyl) phthalate,0.74816719,0.00213858,1265,1,0.000114948
URXMHP,0,28,0,0.000176462,0.019508894,6042,0.079200332,Mono-(2-ethyl)-hexyl phthalate,0.747408015,0.001655081,546,1,0.000820175
URXMIB,0,28,0,0.026732944,0.023397739,4676,0.054114536,Mono-isobutyl phthalate,0.74816719,0.00213858,410,0,0.051289951
URXMNM,0,28,0,0.599610368,0.020713852,4676,-0.010973753,Mono-n-methyl phthalate,0.74816719,0.00213858,296,0,0.673032045
URXMNP,0,28,0,0.196488168,0.024277734,6042,-0.031790532,Mono-isononyl phthalate,0.747408015,0.001655081,123,0,0.278287963
URXMOH,0,28,0,2.78E-05,0.022357532,4676,0.107700641,Mono-(2-ethyl-5-oxohexl) phthalate,0.74816719,0.00213858,1029,1,0.000165506
URXMOP,0,28,0,0.027835934,0.018294335,6042,-0.041473913,Mono-n-octyl phthalate,0.747408015,0.001655081,63,0,0.052792289
URXMZP,0,28,0,1.47E-05,0.020861618,6042,0.10036306,Mono-benzyl phthalate,0.747408015,0.001655081,1013,1,9.93E-05
URXNT,0,4,0,3.88E-05,0.015822367,8285,0.084232039,N-Telopeptides (nmol BCE),0.448676443,0.001207001,1556,1,0.00020984
URXOP1,0,11,0,0.013362683,0.026533499,3893,-0.069256606,Dimethylphosphate (ug/L),0.760328985,0.002568713,940,1,0.028267214
URXOP2,0,11,0,0.068945534,0.026300276,3875,-0.049398371,Diethylphosphate (ug/L),0.761614085,0.002580645,955,0,0.114610959
URXOP3,0,11,0,0.001877897,0.024100949,3892,-0.08124886,Dimethylthiophosphate (ug/L),0.76039324,0.002569373,1206,1,0.006135703
URXOP4,0,11,0,0.018002342,0.028469936,3858,-0.070770617,Diethylthiophosphate (ug/L),0.762674292,0.002592017,506,1,0.03644646
URXOP5,0,11,0,0.001212946,0.024960946,3874,-0.088136167,Dimethyldithiophosphate (ug/L),0.76154983,0.002581311,583,1,0.004258216
URXOP6,0,11,0,0.800652621,0.025697578,3891,-0.006539688,Diethyldithiophosphate (ug/L),0.760457495,0.002570033,179,0,0.859051927
URXOPM,0,11,0,0.077103718,0.029108745,2439,0.054407155,3-phenoxybenzoic (ug/L) acid result,0.759760046,0.004100041,343,0,0.125961519
URXOPP,0,25,0,0.003635098,0.016724673,5441,0.051094072,O-Phenyl phenol (ug/L),0.756642716,0.001837897,229,1,0.009936734
URXP01,0,19,0,0.596836589,0.022287435,3142,-0.011980029,1-napthol,0.747507207,0.003182686,2910,0,0.672205032
URXP02,0,19,0,0.008480032,0.025345574,3133,0.073991775,2-napthol,0.748452342,0.003191829,2947,1,0.019763464
URXP03,0,19,0,1.90E-05,0.020714985,4307,0.102861937,3-fluorene (ng/L),0.757148365,0.002321802,2463,1,0.000120799
URXP04,0,19,0,7.44E-05,0.021131378,4324,0.095210589,2-fluorene (ng/L),0.75644156,0.002312673,3142,1,0.000377852
URXP05,0,19,0,0.000181752,0.017384047,4248,0.073016957,3-phenanthrene (ng/L),0.760136221,0.002354049,2182,1,0.000833031
URXP06,0,19,0,0.036676768,0.023173773,4271,0.050403679,1-phenanthrene (ng/L),0.759590053,0.002341372,2392,0,0.065423424
URXP07,0,19,0,0.000160617,0.020577594,4234,0.08730635,2-phenanthrene (ng/L),0.761196427,0.002361833,1866,1,0.000757193
URXP08,0,19,0,0.402038596,0.024674433,4122,0.020938747,1-benzo[c] phenanthrene (ng/L),0.768392983,0.002426007,328,0,0.4932072
URXP09,0,19,0,0.022563838,0.025368088,1175,0.09156965,3-fluoranthene (ng/L),0.893496477,0.008510638,473,1,0.044059566
URXP10,0,19,0,0.001212484,0.020022181,4313,0.070700343,1-pyrene (ng/L),0.756666452,0.002318572,1917,1,0.004258216
URXP11,0,19,0,0.008029452,0.025119408,4104,0.070744191,2-benzo[c] phenanthrene (ng/L),0.769003406,0.002436647,221,1,0.018926565
URXP12,0,19,0,0.356864719,0.03040414,4063,-0.028398984,1-benzo[a] anthracene (ng/L),0.771027437,0.002461236,176,0,0.449981894
URXP13,0,19,0,0.014377737,0.020627077,4177,-0.053215463,6-chrysene (ng/L),0.764505558,0.002394063,270,1,0.03022072
URXP14,0,19,0,0.342683722,0.02137979,4122,-0.020574187,3-benzo[c] phenanthrene (ng/L),0.767814689,0.002426007,172,0,0.438316389
URXP15,0,19,0,0.006433538,0.021904679,4128,0.063607278,3-chrysene (ng/L),0.767140012,0.002422481,175,1,0.015610792
URXP16,0,19,0,0.247841245,0.027055322,4086,-0.031811742,3-benz[a] anthracene (ng/L),0.770898927,0.002447381,209,0,0.335545994
URXP17,0,19,0,0.520731159,0.026509302,3088,0.017329959,9-fluorene,0.751949341,0.003238342,1991,0,0.602951869
URXP19,0,19,0,0.498592373,0.027401083,3052,0.018885878,4-phenanthrene,0.755021029,0.00327654,972,0,0.587543219
URXP20,0,19,0,0.95401728,0.026651701,2959,-0.001556199,1-chrysene,0.763385473,0.00337952,381,0,0.960911766
URXP21,0,19,0,0.400440375,0.030401747,2944,0.026119554,2-chrysene,0.764236095,0.003396739,105,0,0.493079566
URXP22,0,19,0,0.017717957,0.029446247,2984,-0.076097934,4-chrysene,0.760266528,0.003351206,123,1,0.036092134
URXP24,0,19,0,0.029708143,0.026117626,2935,0.061139532,3-benzo(a) pyrene,0.764047068,0.003407155,317,0,0.054937531
URXPAR,0,25,0,0.357258352,0.028888901,2396,-0.027257299,Paranitrophenol (ug/L),0.763664064,0.004173623,376,0,0.449981894
URXPCP,0,25,0,0.84300805,0.023402859,3833,0.004670437,Pentachlorophenol (ug/L),0.763027694,0.002608923,351,0,0.885963875
URXTCC,0,25,0,0.002623395,0.026181933,3810,0.085014129,"Dichlorvinyl dimeth-prop carboacid, ug/L",0.76485896,0.002624672,290,1,0.007661241
URXTRS,0,25,0,0.378675252,0.030550898,3016,0.027504891,Urinary Triclosan (ng/mL),0.752564729,0.00331565,971,0,0.469785087
URXUAB,0,16,0,0.169537268,0.021702712,3143,-0.030929354,Urinary Arsenobetaine (ug/L),0.747874939,0.003181674,864,0,0.244311346
URXUAC,0,16,0,0.827856791,0.015982627,3143,-0.003521262,Urinary Arsenocholine (ug/L),0.747874939,0.003181674,52,0,0.873840404
URXUAS,0,16,0,0.233686954,0.026408923,3127,-0.032431349,Urinary total Arsenic (ug/L),0.749242794,0.003197953,1534,0,0.318664028
URXUAS3,0,16,0,0.543327786,0.024955294,3143,0.015430929,Urinary Arsenous acid (ug/L),0.747874939,0.003181674,60,0,0.622563088
URXUAS5,0,16,0,0.817077895,0.030229751,3143,-0.007085044,Urinary Arsenic acid (ug/L),0.747874939,0.003181674,65,0,0.866995837
URXUBA,0,16,0,0.005550164,0.020784068,5834,0.06030381,"Barium, urine (ng/mL)",0.758788639,0.00171409,840,1,0.014196877
URXUCD,0,16,0,0.096544665,0.018338712,5844,0.031072376,"Cadmium, urine (ng/mL)",0.757293726,0.001711157,3303,0,0.150994025
URXUCO,0,16,0,0.029840854,0.017824422,5961,0.039880358,"Cobalt, urine (ng/mL)",0.751916864,0.001677571,878,0,0.054937531
URXUCR,0,4,0,7.15E-11,0.011295531,18171,0.093528934,"Creatinine, urine (mg/dL)",0.238993104,0.000550327,471,1,1.81E-09
URXUCRSI,0,4,0,3.88E-07,0.013884502,13430,0.087022093,"Creatinine, urine (umol/L)",0.238000386,0.000744602,461,1,4.13E-06
URXUCS,0,16,0,0.000702894,0.019780714,5960,-0.071551261,"Cesium, urine (ng/mL)",0.751940975,0.001677852,1312,1,0.002697152
URXUDMA,0,16,0,0.080163339,0.024645307,3143,-0.045427545,Urinary Dimethylarsonic acid (ug/L),0.747874939,0.003181674,706,0,0.130314788
URXUHG,0,16,0,0.68828293,0.020707085,5865,0.00835681,"Mercury, urine (ng/mL)",0.787240199,0.00170503,598,0,0.752097241
URXUIO,0,16,0,0.043874186,0.018813865,4729,-0.039336002,"Iodine, urine (ng/mL)",0.745723444,0.002114612,1946,0,0.076605722
URXUMA,0,4,0,2.75E-12,0.009549329,18172,0.088076627,"Albumin, urine (ug/mL)",0.238993104,0.000550297,1593,1,8.24E-11
URXUMASI,0,4,0,4.23E-09,0.011634468,13431,0.090966817,"Albumin, urine (mg/L) SI",0.237968258,0.000744546,1377,1,6.98E-08
URXUMMA,0,16,0,0.002824172,0.023956713,3142,-0.081515848,Urinary Monomethylacrsonic acid (ug/L),0.747923791,0.003182686,182,1,0.008175234
URXUMO,0,16,0,0.026596007,0.017534892,5854,0.040090514,"Molybdenum, urine (ng/mL)",0.756932054,0.001708234,1604,0,0.051289951
URXUPB,0,16,0,0.140059608,0.019318946,5961,0.028976251,"Lead, urine (ng/mL)",0.751916864,0.001677571,402,0,0.211048725
URXUPT,0,16,0,0.318853327,0.023041978,5961,-0.023204652,"Platinum, urine (ng/mL)",0.751916864,0.001677571,49,0,0.409561365
URXUSB,0,16,0,5.28E-10,0.021433962,5866,0.16529659,"Antimony, urine (ng/mL)",0.756473935,0.001704739,375,1,1.09E-08
URXUTL,0,16,0,0.010631425,0.018607448,5919,-0.049427451,"Thallium, urine (ng/mL)",0.754062786,0.001689475,472,1,0.023824438
URXUTU,0,16,0,0.000913495,0.017331632,5888,0.061190851,"Tungsten, urine (ng/mL)",0.75589526,0.00169837,478,1,0.003387117
URXUUR,0,16,0,0.010066153,0.028499401,4681,0.077551301,"Uranium, urinary (ug/L)",0.75172173,0.002136296,392,1,0.022752263
any_cancer_self_report,0,13,1,0.667924993,0.044113724,16586,0.019039502,Any cancer or malignancy?,0.510970729,0.007062147,2,0,0.734717492
any_diabetes,0,13,1,0.072385104,0.03335762,18370,0.061254333,Any Diabetes (FBG >= 126 mg/dL or self-report),0.054443748,0.005186722,2,0,0.118841215
any_family_cad,0,13,1,4.62E-05,0.021876671,16251,0.097812367,Any family with heart attack or angina?,0.52230313,0.00210837,2,1,0.000245642
any_ht,0,13,1,0.017098133,0.030430888,18432,0.075123199,Any Hypertension? (BP >= 139/90 or self report),0.400395428,0.001814882,2,1,0.035045863
ascvd_10y_accaha_lab,0,13,0,3.25E-07,0.00675823,14055,0.039925243,ACC/AHA Risk Score 10 years,0.623065053,0.000711491,14052,1,3.57E-06
ascvd_10y_frs_lab,0,13,0,2.80E-11,0.003760248,14055,0.032146926,Framingham Risk Score 10 years,0.623065053,0.000711491,14050,1,7.69E-10
ascvd_10y_frs_simple_lab,0,13,0,3.73E-06,0.003202549,14521,0.016689943,Simple Framingham Risk Score 10 years,0.6084776,0.000688658,14516,1,3.00E-05
cad,0,13,1,0.801781799,0.061482981,16526,-0.015518774,Any CAD (self report),0.513357766,0.013908206,2,0,0.859051927
current_asthma,0,13,1,0.637032557,0.039760736,17356,0.018878758,Current asthma?,0.104933211,0.009149131,2,0,0.705438737
ever_arthritis,0,13,1,0.138416119,0.025095089,16578,0.037800156,Ever arthritis?,0.511163621,0.002372479,2,0,0.209528987
ever_asthma,0,13,1,0.718293849,0.027502856,18492,0.009978806,Ever asthma?,0.050513575,0.004486317,2,0,0.779726875
ever_osteo_arthritis,0,13,1,0.154367607,0.038165811,13669,-0.055211814,Ever osteo arthritis?,0.598784781,0.007656968,2,0,0.229465362
ever_rheumatoid_arthritis,0,13,1,0.264716315,0.054692104,13289,0.061705329,Ever rheumatoid arthritis?,0.609225057,0.010799136,2,0,0.352243483
metabolic_syndrome,0,13,1,1.08E-05,0.034412349,15253,0.168711346,Metabolic Syndrome (examination+questions),0.409847133,0.001642845,2,1,7.79E-05
metabolic_syndrome_examination,0,13,1,6.68E-07,0.035972409,14382,0.205161363,Metabolic Syndrome (examination),0.43890148,0.002272211,2,1,6.49E-06
physical_activity,0,29,1,0.000116321,0.034939549,17112,-0.14636701,Physical Activity (MET-based rank),0.447219945,0.003286231,4,1,0.000564501
t2d,0,13,1,0.002341787,0.041023284,8707,0.131697549,Fasting Glucose (mg/dL) >= 126,0.692023919,0.012755102,2,1,0.007025362